Date,Player,SO_Prop
5/9/2023 18:40,Aaron Nola,5.5
5/9/2023 18:40,Alek Manoah,5.5
5/9/2023 21:40,Andrew Heaney,6.5
5/9/2023 21:40,Brandon Pfaadt,4.5
5/9/2023 19:20,Charlie Morton,5.5
5/9/2023 19:05,Clarke Schmidt,6.5
5/9/2023 18:35,Connor Seabold,3.5
5/9/2023 19:05,Drew Rucinski,3.5
5/9/2023 19:40,Eric Lauer,5.5
5/9/2023 21:38,Framber Valdez,5.5
5/9/2023 21:40,George Kirby,6.5
5/9/2023 18:35,Grayson Rodriguez,5.5
5/9/2023 19:40,Jack Flaherty,6.5
5/9/2023 21:40,Jesus Luzardo,5.5
5/9/2023 19:40,Jordan Lyles,3.5
5/9/2023 21:45,Logan Webb,5.5
5/9/2023 19:40,Louie Varland,4.5
5/9/2023 19:40,Lucas Giolito,5.5
5/9/2023 18:35,Luis Ortiz,4.5
5/9/2023 18:40,Luke Weaver,4.5
5/9/2023 18:40,Max Scherzer,6.5
5/9/2023 18:10,Michael Lorenzen,3.5
5/9/2023 19:40,Michael Wacha,4.5
5/9/2023 19:20,Nick Pivetta,4.5
5/9/2023 19:40,Noah Syndergaard,3.5
5/9/2023 21:45,Patrick Corbin,4.5
5/9/2023 18:10,Shane Bieber,6.5
5/9/2023 21:38,Shohei Ohtani,7.5
5/9/2023 18:35,Zach Eflin,4.5
5/10/2023 12:35,Antonio Senzatela,3.5
5/10/2023 19:40,Brad Keller,2.5
5/10/2023 19:20,Brayan Bello,4.5
5/10/2023 13:40,Clayton Kershaw,7.5
5/10/2023 16:07,Cristian Javier,6.5
5/10/2023 18:35,Dean Kremer,4.5
5/10/2023 13:10,Eduardo Rodriguez,5.5
5/10/2023 15:40,Edward Cabrera,5.5
5/10/2023 16:07,Griffin Canning,4.5
5/10/2023 18:40,Hunter Greene,5.5
5/10/2023 12:35,Jhony Brito,4.5
5/10/2023 19:40,Jordan Montgomery,5.5
5/10/2023 15:45,Josiah Gray,5.5
5/10/2023 19:40,Justin Steele,5.5
5/10/2023 18:40,Justin Verlander,6.5
5/10/2023 16:05,Kevin Gausman,6.5
5/10/2023 12:35,Kyle Muller,3.5
5/10/2023 19:40,Lance Lynn,5.5
5/10/2023 15:40,Luis Castillo,6.5
5/10/2023 15:40,Merrill Kelly,5.5
5/10/2023 19:40,Pablo Lopez,6.5
5/10/2023 13:10,Peyton Battenfield,4.5
5/10/2023 12:35,Rich Hill,5.5
5/10/2023 15:45,Sean Manaea,4.5
5/10/2023 19:40,Seth Lugo,5.5
5/10/2023 13:40,Wade Miley,4.5
5/10/2023 16:05,Zack Wheeler,6.5
5/11/2023 21:40,Alex Cobb,4.5
5/11/2023 13:10,Bailey Ober,4.5
5/11/2023 14:10,Brady Singer,4.5
5/11/2023 19:05,Domingo German,5.5
5/11/2023 19:05,Drew Rasmussen,4.5
5/11/2023 12:35,Kodai Senga,5.5
5/11/2023 14:10,Mike Clevinger,4.5
5/11/2023 13:10,Yu Darvish,6.5
5/12/2023 19:10,Adam Wainwright,3.5
5/12/2023 20:40,Austin Gomber,3.5
5/12/2023 22:10,Blake Snell,6.5
5/12/2023 19:07,Chris Bassitt,4.5
5/12/2023 20:10,Corbin Burnes,6.5
5/12/2023 20:10,Drew Smyly,4.5
5/12/2023 22:10,Dustin May,4.5
5/12/2023 18:40,Eury Perez,4.5
5/12/2023 18:40,Graham Ashcraft,3.5
5/12/2023 20:10,J.P. France,4.5
5/12/2023 19:10,James Paxton,4.5
5/12/2023 19:05,Johan Oviedo,4.5
5/12/2023 21:40,Ken Waldichuk,5.5
5/12/2023 19:05,Kyle Bradish,4.5
5/12/2023 19:10,Logan Allen,4.5
5/12/2023 19:05,MacKenzie Gore,5.5
5/12/2023 18:40,Marco Gonzales,4.5
5/12/2023 21:40,Martin Perez,4.5
5/12/2023 18:40,Matt Boyd,5.5
5/12/2023 20:10,Michael Kopech,4.5
5/12/2023 20:10,Sonny Gray,6.5
5/12/2023 19:07,Spencer Strider,8.5
5/12/2023 20:40,Taijuan Walker,3.5
5/12/2023 19:10,Tyler Anderson,3.5
5/12/2023 19:05,Tylor Megill,3.5
5/13/2023 19:10,Adrian Houser,3.5
5/13/2023 13:10,Alex Faedo,3.5
5/13/2023 20:10,Anthony DeSclafani,3.5
5/13/2023 19:15,Brandon Bielak,3.5
5/13/2023 15:07,Bryce Elder,4.5
5/13/2023 13:10,Bryce Miller,5.5
5/13/2023 18:10,Cal Quantrill,3.5
5/13/2023 16:10,Chris Sale,6.5
5/13/2023 19:15,Dylan Cease,6.5
5/13/2023 14:10,Hayden Wesneski,4.5
5/13/2023 16:07,JP Sears,5.5
5/13/2023 19:15,Joe Musgrove,5.5
5/13/2023 14:10,Joe Ryan,7.5
5/13/2023 16:05,Joey Lucchesi,3.5
5/13/2023 16:07,Jon Gray,5.5
5/13/2023 15:07,Jose Berrios,5.5
5/13/2023 19:15,Julio Urias,4.5
5/13/2023 13:05,Nestor Cortes,4.5
5/13/2023 20:10,Ranger Suarez,3.5
5/13/2023 18:10,Reid Detmers,5.5
5/13/2023 19:05,Roansy Contreras,4.5
5/13/2023 20:10,Ryan Feltner,3.5
5/13/2023 13:05,Shane McClanahan,6.5
5/13/2023 16:10,Steven Matz,4.5
5/13/2023 16:05,Trevor Williams,3.5
5/13/2023 19:05,Tyler Wells,4.5
5/13/2023 20:10,Zac Gallen,6.5
5/13/2023 19:10,Zack Greinke,3.5
5/14/2023 15:10,Aaron Nola,5.5
5/14/2023 16:07,Andrew Heaney,6.5
5/14/2023 16:10,Brandon Pfaadt,4.5
5/14/2023 13:40,Braxton Garrett,4.5
5/14/2023 13:35,Clarke Schmidt,5.5
5/14/2023 19:10,Corey Kluber,4.5
5/14/2023 14:10,Hunter Brown,4.5
5/14/2023 16:35,Jake Irvin,3.5
5/14/2023 13:40,Joey Wentz,4.5
5/14/2023 14:10,Jordan Lyles,4.5
5/14/2023 15:10,Kyle Freeland,3.5
5/14/2023 13:35,Kyle Gibson,4.5
5/14/2023 13:40,Logan Gilbert,6.5
5/14/2023 16:10,Logan Webb,5.5
5/14/2023 14:10,Louie Varland,5.5
5/14/2023 14:10,Lucas Giolito,5.5
5/14/2023 13:40,Luke Weaver,4.5
5/14/2023 14:10,Marcus Stroman,5.5
5/14/2023 16:35,Max Scherzer,5.5
5/14/2023 19:10,Miles Mikolas,3.5
5/14/2023 13:35,Mitch Keller,4.5
5/14/2023 11:35,Patrick Sandoval,4.5
5/14/2023 11:35,Tanner Bibee,5.5
5/14/2023 16:10,Tony Gonsolin,4.5
5/14/2023 13:37,Yusei Kikuchi,5.5
5/14/2023 13:35,Zach Eflin,4.5
5/15/2023 19:07,Alek Manoah,4.5
5/15/2023 21:45,Alex Wood,3.5
5/15/2023 21:40,Brad Keller,3.5
5/15/2023 20:05,Charlie Morton,6.5
5/15/2023 20:40,Connor Seabold,3.5
5/15/2023 16:05,David Peterson,5.5
5/15/2023 21:40,Drew Rucinski,3.5
5/15/2023 20:10,Framber Valdez,6.5
5/15/2023 19:45,Freddy Peralta,5.5
5/15/2023 19:10,George Kirby,4.5
5/15/2023 18:35,Grayson Rodriguez,5.5
5/15/2023 20:40,Hunter Greene,5.5
5/15/2023 19:45,Jack Flaherty,5.5
5/15/2023 20:10,Jameson Taillon,4.5
5/15/2023 21:40,Merrill Kelly,6.5
5/15/2023 21:40,Michael Wacha,4.5
5/15/2023 22:10,Noah Syndergaard,3.5
5/15/2023 22:10,Pablo Lopez,5.5
5/15/2023 16:05,Patrick Corbin,3.5
5/15/2023 18:35,Shohei Ohtani,7.5
5/15/2023 19:10,Tanner Houck,4.5
5/16/2023 21:45,Alex Cobb,5.5
5/16/2023 22:10,Bailey Ober,4.5
5/16/2023 21:40,Brady Singer,4.5
5/16/2023 22:10,Clayton Kershaw,7.5
5/16/2023 20:10,Cristian Javier,7.5
5/16/2023 20:05,Dane Dunning,3.5
5/16/2023 18:35,Dean Kremer,4.5
5/16/2023 19:07,Domingo German,4.5
5/16/2023 18:40,Jesus Luzardo,5.5
5/16/2023 19:45,Jordan Montgomery,5.5
5/16/2023 18:40,Josiah Gray,4.5
5/16/2023 20:10,Justin Steele,4.5
5/16/2023 19:10,Justin Verlander,6.5
5/16/2023 19:07,Kevin Gausman,7.5
5/16/2023 21:40,Kyle Muller,4.5
5/16/2023 19:10,Luis Castillo,5.5
5/16/2023 18:40,Luis Ortiz,4.5
5/16/2023 18:40,Michael Lorenzen,4.5
5/16/2023 19:10,Nick Pivetta,5.5
5/16/2023 21:40,Seth Lugo,5.5
5/16/2023 19:45,Wade Miley,3.5
5/16/2023 21:45,Zack Wheeler,6.5
5/17/2023 15:10,Austin Gomber,3.5
5/17/2023 19:10,Brayan Bello,5.5
5/17/2023 19:07,Chris Bassitt,5.5
5/17/2023 20:10,Drew Smyly,3.5
5/17/2023 15:10,Dustin May,5.5
5/17/2023 13:10,Eduardo Rodriguez,5.5
5/17/2023 18:40,Edward Cabrera,5.5
5/17/2023 19:07,Gerrit Cole,6.5
5/17/2023 18:35,Griffin Canning,4.5
5/17/2023 20:10,J.P. France,5.5
5/17/2023 19:10,Kodai Senga,5.5
5/17/2023 18:35,Kyle Bradish,5.5
5/17/2023 15:37,Luis Medina,3.5
5/17/2023 18:40,MacKenzie Gore,6.5
5/17/2023 19:10,Marco Gonzales,3.5
5/17/2023 20:10,Mike Clevinger,4.5
5/17/2023 20:05,Nathan Eovaldi,6.5
5/17/2023 20:10,Peyton Battenfield,4.5
5/17/2023 13:10,Rich Hill,4.5
5/17/2023 15:45,Ross Stripling,3.5
5/17/2023 15:37,Ryne Nelson,4.5
5/17/2023 15:10,Sonny Gray,5.5
5/17/2023 20:05,Spencer Strider,9.5
5/17/2023 15:45,Taijuan Walker,4.5
5/18/2023 19:45,Adam Wainwright,3.5
5/18/2023 14:10,Dylan Cease,6.5
5/18/2023 13:10,Eury Perez,4.5
5/18/2023 19:07,Jose Berrios,5.5
5/18/2023 19:45,Julio Urias,4.5
5/18/2023 14:10,Logan Allen,5.5
5/18/2023 19:07,Nestor Cortes,4.5
5/18/2023 13:10,Taj Bradley,4.5
5/18/2023 13:10,Trevor Williams,4.5
5/18/2023 12:35,Tyler Anderson,4.5
5/18/2023 12:35,Tyler Wells,5.5
5/18/2023 13:10,Tylor Megill,4.5
5/19/2023 18:40,Adrian Houser,3.5
5/19/2023 22:15,Anthony DeSclafani,4.5
5/19/2023 21:40,Blake Snell,6.5
5/19/2023 20:10,Brandon Bielak,4.5
5/19/2023 19:20,Bryce Elder,5.5
5/19/2023 19:20,Bryce Miller,4.5
5/19/2023 19:10,Cal Quantrill,3.5
5/19/2023 19:10,Carlos Carrasco,3.5
5/19/2023 18:40,Clarke Schmidt,5.5
5/19/2023 19:05,Jake Irvin,4.5
5/19/2023 21:40,James Paxton,5.5
5/19/2023 21:38,Joe Ryan,6.5
5/19/2023 18:35,Johan Oviedo,4.5
5/19/2023 20:05,Karl Kauffmann,3.5
5/19/2023 20:10,Ken Waldichuk,3.5
5/19/2023 19:07,Kyle Gibson,4.5
5/19/2023 19:05,Marcus Stroman,4.5
5/19/2023 20:05,Martin Perez,5.5
5/19/2023 19:05,Matt Boyd,4.5
5/19/2023 20:10,Michael Kopech,5.5
5/19/2023 19:05,Ranger Suarez,4.5
5/19/2023 21:38,Reid Detmers,5.5
5/19/2023 22:15,Sandy Alcantara,6.5
5/19/2023 18:40,Shane McClanahan,7.5
5/19/2023 20:15,Steven Matz,4.5
5/19/2023 20:15,Tony Gonsolin,4.5
5/19/2023 19:07,Yusei Kikuchi,5.5
5/19/2023 18:35,Zac Gallen,6.5
5/19/2023 20:10,Zack Greinke,3.5
5/20/2023 16:05,Aaron Nola,6.5
5/20/2023 15:07,Alek Manoah,4.5
5/20/2023 16:05,Alex Faedo,3.5
5/20/2023 16:05,Brandon Pfaadt,4.5
5/20/2023 16:05,Braxton Garrett,4.5
5/20/2023 22:10,Chris Sale,5.5
5/20/2023 15:07,Grayson Rodriguez,4.5
5/20/2023 16:10,Hunter Brown,6.5
5/20/2023 16:10,JP Sears,4.5
5/20/2023 16:05,Jameson Taillon,3.5
5/20/2023 22:10,Joe Musgrove,5.5
5/20/2023 16:05,Jon Gray,5.5
5/20/2023 14:10,Jordan Lyles,4.5
5/20/2023 16:05,Kyle Freeland,4.5
5/20/2023 16:05,Logan Webb,5.5
5/20/2023 22:07,Louie Varland,5.5
5/20/2023 14:10,Lucas Giolito,6.5
5/20/2023 16:10,Max Scherzer,5.5
5/20/2023 19:15,Miles Mikolas,4.5
5/20/2023 16:05,Mitch Keller,5.5
5/20/2023 19:15,Noah Syndergaard,3.5
5/20/2023 16:05,Patrick Corbin,4.5
5/20/2023 22:07,Patrick Sandoval,5.5
5/20/2023 16:10,Tanner Bibee,4.5
5/21/2023 16:05,Alex Wood,4.5
5/21/2023 14:35,Andrew Heaney,6.5
5/21/2023 14:15,Clayton Kershaw,6.5
5/21/2023 14:35,Connor Seabold,3.5
5/21/2023 16:10,Corey Kluber,4.5
5/21/2023 13:37,Dean Kremer,4.5
5/21/2023 14:10,Framber Valdez,7.5
5/21/2023 13:40,Freddy Peralta,5.5
5/21/2023 13:35,George Kirby,4.5
5/21/2023 11:35,Hunter Greene,6.5
5/21/2023 14:15,Jack Flaherty,5.5
5/21/2023 14:10,James Kaprielian,4.5
5/21/2023 13:35,Jared Shuster,4.5
5/21/2023 16:05,Jesus Luzardo,6.5
5/21/2023 13:35,Joey Wentz,4.5
5/21/2023 13:35,Josiah Gray,5.5
5/21/2023 13:35,Justin Steele,5.5
5/21/2023 13:37,Kevin Gausman,6.5
5/21/2023 11:35,Luis Severino,5.5
5/21/2023 13:40,Max Scherzer,5.5
5/21/2023 13:35,Merrill Kelly,5.5
5/21/2023 16:10,Michael Wacha,4.5
5/21/2023 16:07,Pablo Lopez,7.5
5/21/2023 13:35,Roansy Contreras,3.5
5/21/2023 16:07,Shohei Ohtani,8.5
5/21/2023 13:35,Taijuan Walker,4.5
5/21/2023 13:40,Tanner Bibee,4.5
5/22/2023 19:40,Bailey Ober,5.5
5/22/2023 19:40,Brady Singer,4.5
5/22/2023 18:40,Brandon Williamson,4.5
5/22/2023 19:20,Charlie Morton,6.5
5/22/2023 18:40,Chris Bassitt,4.5
5/22/2023 19:40,Corbin Burnes,6.5
5/22/2023 19:40,Cristian Javier,6.5
5/22/2023 18:35,Dane Dunning,4.5
5/22/2023 20:40,Edward Cabrera,4.5
5/22/2023 19:20,Gavin Stone,3.5
5/22/2023 18:40,Jordan Montgomery,5.5
5/22/2023 21:40,Kyle Muller,4.5
5/22/2023 21:40,Luis Castillo,7.5
5/22/2023 18:35,Luis Ortiz,4.5
5/22/2023 19:40,Michael Lorenzen,4.5
5/22/2023 21:38,Tanner Houck,4.5
5/22/2023 18:40,Tommy Henry,4.5
5/22/2023 18:40,Zack Wheeler,6.5
5/23/2023 18:40,Adam Wainwright,4.5
5/23/2023 19:40,Alex Cobb,5.5
5/23/2023 20:40,Austin Gomber,3.5
5/23/2023 19:20,Bobby Miller,3.5
5/23/2023 21:38,Brayan Bello,5.5
5/23/2023 19:40,Colin Rea,3.5
5/23/2023 19:40,Drew Smyly,4.5
5/23/2023 18:10,Dylan Cease,5.5
5/23/2023 20:40,Eury Perez,4.5
5/23/2023 19:05,Gerrit Cole,7.5
5/23/2023 18:40,Graham Ashcraft,3.5
5/23/2023 21:38,Griffin Canning,4.5
5/23/2023 19:40,J.P. France,4.5
5/23/2023 18:40,Jose Berrios,4.5
5/23/2023 19:40,Kodai Senga,5.5
5/23/2023 19:05,Kyle Bradish,5.5
5/23/2023 18:10,Logan Allen,5.5
5/23/2023 21:40,Luis Medina,4.5
5/23/2023 19:05,MacKenzie Gore,5.5
5/23/2023 21:40,Marco Gonzales,4.5
5/23/2023 18:40,Matt Strahm,4.5
5/23/2023 18:35,Nathan Eovaldi,5.5
5/23/2023 18:35,Rich Hill,4.5
5/23/2023 18:40,Ryne Nelson,3.5
5/23/2023 19:40,Sonny Gray,6.5
5/23/2023 19:20,Spencer Strider,8.5
5/23/2023 18:40,Taj Bradley,4.5
5/23/2023 19:05,Yu Darvish,5.5
5/24/2023 13:10,Adrian Houser,3.5
5/24/2023 13:10,Anthony DeSclafani,5.5
5/24/2023 13:10,Brandon Bielak,4.5
5/24/2023 19:20,Bryce Elder,4.5
5/24/2023 21:40,Bryce Miller,5.5
5/24/2023 13:10,Cal Quantrill,4.5
5/24/2023 21:38,James Paxton,5.5
5/24/2023 13:10,Joe Ryan,6.5
5/24/2023 12:35,Johan Oviedo,4.5
5/24/2023 21:40,Ken Waldichuk,5.5
5/24/2023 12:35,Martin Perez,3.5
5/24/2023 19:40,Matt Boyd,4.5
5/24/2023 13:10,Michael Kopech,4.5
5/24/2023 19:05,Nestor Cortes,5.5
5/24/2023 13:05,Ranger Suarez,4.5
5/24/2023 20:40,Sandy Alcantara,5.5
5/24/2023 18:40,Shane McClanahan,5.5
5/24/2023 18:40,Steven Matz,5.5
5/24/2023 19:20,Tony Gonsolin,4.5
5/24/2023 19:05,Trevor Williams,3.5
5/24/2023 21:38,Tyler Anderson,4.5
5/24/2023 19:05,Tyler Wells,4.5
5/24/2023 18:40,Yusei Kikuchi,4.5
5/24/2023 13:05,Zac Gallen,6.5
5/24/2023 19:40,Zack Greinke,3.5
5/25/2023 19:20,Aaron Nola,5.5
5/25/2023 13:10,Alek Manoah,5.5
5/25/2023 18:40,Alex Faedo,4.5
5/25/2023 16:05,Blake Snell,5.5
5/25/2023 15:10,Braxton Garrett,4.5
5/25/2023 19:40,Carlos Carrasco,4.5
5/25/2023 19:05,Clarke Schmidt,4.5
5/25/2023 19:20,Dylan Dodd,3.5
5/25/2023 21:40,JP Sears,5.5
5/25/2023 16:05,Jake Irvin,3.5
5/25/2023 15:10,Kyle Freeland,3.5
5/25/2023 19:05,Kyle Gibson,4.5
5/25/2023 19:40,Kyle Hendricks,3.5
5/25/2023 21:40,Logan Gilbert,7.5
5/25/2023 18:40,Lucas Giolito,5.5
5/25/2023 12:35,Luke Weaver,4.5
5/25/2023 12:35,Miles Mikolas,4.5
5/25/2023 13:10,Zach Eflin,4.5
5/26/2023 20:10,Alex Wood,5.5
5/26/2023 21:40,Brandon Pfaadt,3.5
5/26/2023 21:40,Chris Sale,6.5
5/26/2023 20:40,Connor Seabold,3.5
5/26/2023 20:10,Freddy Peralta,6.5
5/26/2023 22:10,George Kirby,5.5
5/26/2023 19:05,Grayson Rodriguez,5.5
5/26/2023 21:40,Hunter Brown,6.5
5/26/2023 14:20,Hunter Greene,7.5
5/26/2023 21:40,James Kaprielian,4.5
5/26/2023 19:20,Jared Shuster,4.5
5/26/2023 21:38,Jesus Luzardo,5.5
5/26/2023 19:05,Joe Musgrove,5.5
5/26/2023 18:40,Joey Wentz,4.5
5/26/2023 19:05,Jon Gray,4.5
5/26/2023 20:10,Jordan Lyles,3.5
5/26/2023 14:20,Justin Steele,5.5
5/26/2023 20:10,Kevin Gausman,7.5
5/26/2023 18:40,Lance Lynn,6.5
5/26/2023 20:10,Louie Varland,4.5
5/26/2023 19:10,Matthew Liberatore,4.5
5/26/2023 20:40,Max Scherzer,5.5
5/26/2023 22:10,Mitch Keller,6.5
5/26/2023 18:40,Noah Syndergaard,3.5
5/26/2023 20:10,Patrick Corbin,3.5
5/26/2023 19:05,Randy Vasquez,3.5
5/26/2023 21:38,Reid Detmers,5.5
5/26/2023 19:10,Shane Bieber,5.5
5/26/2023 19:20,Taijuan Walker,4.5
5/27/2023 16:05,Andrew Heaney,5.5
5/27/2023 16:10,Brady Singer,4.5
5/27/2023 19:15,Brandon Williamson,4.5
5/27/2023 16:10,Charlie Morton,6.5
5/27/2023 14:10,Chris Bassitt,5.5
5/27/2023 16:10,Clayton Kershaw,6.5
5/27/2023 16:10,Corbin Burnes,7.5
5/27/2023 16:05,Dean Kremer,5.5
5/27/2023 19:15,Garrett Whitlock,3.5
5/27/2023 19:15,Jack Flaherty,4.5
5/27/2023 19:15,Jameson Taillon,4.5
5/27/2023 13:10,Jesse Scholtens,4.5
5/27/2023 16:10,Josiah Gray,4.5
5/27/2023 21:10,Justin Verlander,5.5
5/27/2023 16:10,Logan Webb,5.5
5/27/2023 16:10,Luis Castillo,7.5
5/27/2023 13:05,Luis Severino,5.5
5/27/2023 13:10,Michael Lorenzen,4.5
5/27/2023 13:05,Michael Wacha,4.5
5/27/2023 14:10,Pablo Lopez,6.5
5/27/2023 16:10,Roansy Contreras,5.5
5/27/2023 19:15,Tanner Bibee,4.5
5/27/2023 16:10,Tyler Glasnow,6.5
5/27/2023 19:15,Zach Davies,3.5
5/27/2023 16:10,Zack Wheeler,6.5
5/28/2023 14:10,Alex Cobb,5.5
5/28/2023 15:10,Austin Gomber,2.5
5/28/2023 14:10,Bailey Ober,4.5
5/28/2023 13:35,Cody Bradford,4.5
5/28/2023 14:10,Colin Rea,4.5
5/28/2023 16:07,Cristian Javier,6.5
5/28/2023 14:10,Daniel Lynch,4.5
5/28/2023 14:20,Drew Smyly,5.5
5/28/2023 13:40,Dylan Cease,6.5
5/28/2023 19:10,Dylan Covey,3.5
5/28/2023 13:40,Eduardo Rodriguez,5.5
5/28/2023 16:07,Eury Perez,5.5
5/28/2023 13:35,Gerrit Cole,7.5
5/28/2023 14:20,Graham Ashcraft,4.5
5/28/2023 13:40,Hunter Gaddis,3.5
5/28/2023 13:40,Jordan Montgomery,4.5
5/28/2023 14:10,Jose Berrios,6.5
5/28/2023 13:35,Kyle Bradish,4.5
5/28/2023 16:07,Luis Medina,4.5
5/28/2023 16:10,Luis Ortiz,4.5
5/28/2023 14:10,MacKenzie Gore,5.5
5/28/2023 16:10,Marco Gonzales,4.5
5/28/2023 16:10,Merrill Kelly,4.5
5/28/2023 16:07,Patrick Sandoval,4.5
5/28/2023 19:10,Spencer Strider,8.5
5/28/2023 16:10,Tanner Houck,4.5
5/28/2023 15:10,Tylor Megill,3.5
5/28/2023 13:35,Yu Darvish,5.5
5/29/2023 14:15,Adam Wainwright,4.5
5/29/2023 17:05,Anthony DeSclafani,4.5
5/29/2023 21:10,Bobby Miller,4.5
5/29/2023 21:40,Bryce Miller,5.5
5/29/2023 21:40,Domingo German,5.5
5/29/2023 20:10,Griffin Canning,4.5
5/29/2023 16:10,J.P. France,6.5
5/29/2023 16:10,Karl Kauffmann,3.5
5/29/2023 13:05,Logan Allen,4.5
5/29/2023 14:20,Marcus Stroman,4.5
5/29/2023 13:10,Matt Boyd,4.5
5/29/2023 20:10,Michael Kopech,6.5
5/29/2023 20:07,Mike Soroka,4.5
5/29/2023 13:10,Nathan Eovaldi,6.5
5/29/2023 20:07,Paul Blackburn,3.5
5/29/2023 17:05,Rich Hill,5.5
5/29/2023 16:10,Ryne Nelson,4.5
5/29/2023 16:10,Sonny Gray,5.5
5/29/2023 14:20,Taj Bradley,5.5
5/29/2023 21:10,Trevor Williams,3.5
5/29/2023 13:05,Tyler Wells,4.5
5/30/2023 18:40,Alex Faedo,4.5
5/30/2023 19:10,Ben Lively,3.5
5/30/2023 20:10,Brandon Bielak,4.5
5/30/2023 19:10,Brayan Bello,5.5
5/30/2023 21:40,Bryce Elder,5.5
5/30/2023 19:05,Cal Quantrill,3.5
5/30/2023 21:40,JP Sears,4.5
5/30/2023 20:10,Joe Ryan,6.5
5/30/2023 19:10,Kodai Senga,5.5
5/30/2023 21:40,Kyle Freeland,3.5
5/30/2023 19:05,Kyle Gibson,3.5
5/30/2023 20:05,Kyle Hendricks,3.5
5/30/2023 21:40,Logan Gilbert,5.5
5/30/2023 20:10,Lucas Giolito,6.5
5/30/2023 18:40,Martin Perez,4.5
5/30/2023 19:45,Miles Mikolas,4.5
5/30/2023 21:40,Nestor Cortes,6.5
5/30/2023 19:10,Ranger Suarez,4.5
5/30/2023 18:40,Sandy Alcantara,5.5
5/30/2023 20:05,Shane McClanahan,6.5
5/30/2023 22:10,Tony Gonsolin,4.5
5/30/2023 20:10,Tyler Anderson,4.5
5/30/2023 19:07,Yusei Kikuchi,5.5
5/30/2023 21:40,Zac Gallen,6.5
5/31/2023 19:10,Aaron Nola,5.5
5/31/2023 19:07,Alek Manoah,5.5
5/31/2023 15:45,Alex Wood,4.5
5/31/2023 18:40,Blake Snell,5.5
5/31/2023 18:40,Braxton Garrett,4.5
5/31/2023 19:10,Carlos Carrasco,4.5
5/31/2023 21:40,Clarke Schmidt,5.5
5/31/2023 13:10,Dane Dunning,4.5
5/31/2023 21:40,George Kirby,5.5
5/31/2023 20:10,Hunter Brown,7.5
5/31/2023 15:37,James Kaprielian,4.5
5/31/2023 19:10,James Paxton,5.5
5/31/2023 15:37,Jared Shuster,4.5
5/31/2023 13:10,Joey Wentz,4.5
5/31/2023 19:07,Julio Teheran,3.5
5/31/2023 14:20,Justin Steele,4.5
5/31/2023 14:10,Lance Lynn,6.5
5/31/2023 20:10,Louie Varland,4.5
5/31/2023 19:10,Luke Weaver,3.5
5/31/2023 15:45,Mitch Keller,6.5
5/31/2023 16:10,Noah Syndergaard,3.5
5/31/2023 16:10,Patrick Corbin,4.5
5/31/2023 21:40,Tommy Henry,4.5
5/31/2023 14:20,Zach Eflin,5.5
6/1/2023 15:40,Chase Anderson,3.5
6/1/2023 19:10,Chris Sale,6.5
6/1/2023 20:10,Framber Valdez,5.5
6/1/2023 13:07,Freddy Peralta,5.5
6/1/2023 19:10,Hunter Greene,6.5
6/1/2023 13:10,Jesus Luzardo,6.5
6/1/2023 13:10,Joe Musgrove,5.5
6/1/2023 13:07,Kevin Gausman,7.5
6/1/2023 13:10,Max Scherzer,6.5
6/1/2023 19:40,Pablo Lopez,5.5
6/1/2023 20:10,Reid Detmers,5.5
6/1/2023 13:10,Taijuan Walker,3.5
6/1/2023 19:40,Tanner Bibee,5.5
6/1/2023 15:40,Zach Davies,4.5
6/6/2023 19:20,Bryce Elder,4.5
6/6/2023 19:20,Carlos Carrasco,4.5
6/6/2023 20:05,Dane Dunning,4.5
6/6/2023 20:40,Dinelson Lamet,4.5
6/6/2023 19:40,Freddy Peralta,5.5
6/6/2023 21:38,Hayden Wesneski,4.5
6/6/2023 19:07,Hunter Brown,5.5
6/6/2023 19:05,Jake Irvin,3.5
6/6/2023 19:05,James Kaprielian,4.5
6/6/2023 19:10,James Paxton,5.5
6/6/2023 18:40,Jesus Luzardo,7.5
6/6/2023 21:40,Joe Musgrove,6.5
6/6/2023 19:07,Kevin Gausman,7.5
6/6/2023 19:40,Kyle Gibson,4.5
6/6/2023 21:40,Logan Gilbert,5.5
6/6/2023 18:40,Louie Varland,4.5
6/6/2023 19:10,Luke Weaver,4.5
6/6/2023 20:05,Matthew Liberatore,3.5
6/6/2023 19:05,Mitch Keller,6.5
6/6/2023 19:10,Shane Bieber,5.5
6/6/2023 18:40,Taijuan Walker,4.5
6/6/2023 19:05,Tommy Henry,3.5
6/6/2023 19:10,Tony Gonsolin,4.5
6/6/2023 21:38,Tyler Anderson,4.5
6/6/2023 18:40,Zach Eflin,5.5
6/6/2023 18:40,Zack Greinke,3.5
6/7/2023 19:10,Brandon Williamson,4.5
6/7/2023 19:20,Charlie Morton,6.5
6/7/2023 19:07,Chris Bassitt,4.5
6/7/2023 20:40,Connor Seabold,3.5
6/7/2023 18:10,Edward Cabrera,6.5
6/7/2023 16:10,George Kirby,5.5
6/7/2023 12:35,Hogan Harris,4.5
6/7/2023 20:05,Jack Flaherty,5.5
6/7/2023 21:38,Jaime Barria,4.5
6/7/2023 21:38,Jameson Taillon,4.5
6/7/2023 20:05,Jon Gray,5.5
6/7/2023 18:10,Jordan Lyles,3.5
6/7/2023 19:05,Lance Lynn,6.5
6/7/2023 20:40,Logan Webb,5.5
6/7/2023 19:20,Max Scherzer,6.5
6/7/2023 16:10,Michael Wacha,5.5
6/7/2023 19:10,Noah Syndergaard,4.5
6/7/2023 18:40,Pablo Lopez,6.5
6/7/2023 19:05,Patrick Corbin,3.5
6/7/2023 19:05,Randy Vasquez,4.5
6/7/2023 18:05,Reese Olson,4.5
6/7/2023 12:35,Roansy Contreras,5.5
6/7/2023 19:07,Ronel Blanco,4.5
6/7/2023 19:05,Zach Davies,3.5
6/7/2023 18:05,Zack Wheeler,8.5
6/8/2023 15:10,Alex Cobb,4.5
6/8/2023 15:10,Chase Anderson,3.5
6/8/2023 12:35,Clayton Kershaw,7.5
6/8/2023 14:10,Colin Rea,4.5
6/8/2023 21:38,Drew Smyly,4.5
6/8/2023 19:07,Framber Valdez,5.5
6/8/2023 12:35,Graham Ashcraft,3.5
6/8/2023 19:07,Jose Berrios,4.5
6/8/2023 13:05,Josiah Gray,4.5
6/8/2023 19:20,Justin Verlander,5.5
6/8/2023 16:05,Lance Lynn,5.5
6/8/2023 16:05,Luis Severino,5.5
6/8/2023 13:05,Merrill Kelly,4.5
6/8/2023 21:38,Reid Detmers,6.5
6/8/2023 19:20,Spencer Strider,8.5
6/9/2023 18:40,Andrew Heaney,4.5
6/9/2023 20:40,Austin Gomber,3.5
6/9/2023 20:15,Ben Lively,4.5
6/9/2023 19:10,Cristian Javier,4.5
6/9/2023 19:05,Daniel Lynch,4.5
6/9/2023 20:10,Dylan Cease,5.5
6/9/2023 20:10,Eury Perez,5.5
6/9/2023 19:05,Garrett Whitlock,4.5
6/9/2023 19:05,Gerrit Cole,7.5
6/9/2023 20:15,Jordan Montgomery,5.5
6/9/2023 19:10,Logan Allen,4.5
6/9/2023 21:38,Luis Castillo,6.5
6/9/2023 18:40,Merrill Kelly,6.5
6/9/2023 19:05,Michael Grove,4.5
6/9/2023 18:40,Michael Lorenzen,4.5
6/9/2023 19:05,Ranger Suarez,4.5
6/9/2023 19:05,Rich Hill,4.5
6/9/2023 21:38,Shohei Ohtani,7.5
6/9/2023 19:07,Sonny Gray,4.5
6/9/2023 18:40,Tyler Glasnow,7.5
6/9/2023 19:05,Tyler Wells,6.5
6/9/2023 19:05,Tylor Megill,4.5
6/9/2023 20:40,Yu Darvish,5.5
6/9/2023 19:07,Yusei Kikuchi,5.5
6/10/2023 16:05,Aaron Nola,6.5
6/10/2023 14:15,Andrew Abbott,4.5
6/10/2023 16:05,Bobby Miller,5.5
6/10/2023 16:05,Brady Singer,3.5
6/10/2023 22:07,Bryan Woo,4.5
6/10/2023 16:05,Cole Irvin,4.5
6/10/2023 19:35,Domingo German,5.5
6/10/2023 18:10,J.P. France,3.5
6/10/2023 16:10,Jared Shuster,3.5
6/10/2023 16:05,Johan Oviedo,4.5
6/10/2023 16:10,Julio Teheran,4.5
6/10/2023 16:05,Kodai Senga,5.5
6/10/2023 16:10,MacKenzie Gore,6.5
6/10/2023 13:10,Matt Boyd,4.5
6/10/2023 14:10,Michael Kopech,5.5
6/10/2023 14:15,Miles Mikolas,4.5
6/10/2023 16:10,Nathan Eovaldi,5.5
6/10/2023 22:07,Patrick Sandoval,5.5
6/10/2023 16:10,Paul Blackburn,4.5
6/10/2023 13:10,Ryne Nelson,4.5
6/10/2023 14:10,Sandy Alcantara,5.5
6/10/2023 16:10,Taj Bradley,5.5
6/10/2023 19:35,Tanner Houck,5.5
6/10/2023 18:10,Triston McKenzie,6.5
6/11/2023 14:15,Adam Wainwright,4.5
6/11/2023 15:10,Blake Snell,5.5
6/11/2023 12:40,Brandon Bielak,3.5
6/11/2023 14:10,Braxton Garrett,4.5
6/11/2023 19:10,Brayan Bello,5.5
6/11/2023 13:35,Bryce Elder,4.5
6/11/2023 13:35,Carlos Carrasco,4.5
6/11/2023 19:10,Clarke Schmidt,4.5
6/11/2023 15:10,Dinelson Lamet,4.5
6/11/2023 14:10,Freddy Peralta,7.5
6/11/2023 16:07,Griffin Canning,5.5
6/11/2023 16:05,Hayden Wesneski,4.5
6/11/2023 14:15,Hunter Greene,6.5
6/11/2023 14:10,JP Sears,5.5
6/11/2023 11:35,Joey Wentz,3.5
6/11/2023 13:37,Kevin Gausman,8.5
6/11/2023 13:35,Kyle Gibson,4.5
6/11/2023 16:07,Logan Gilbert,5.5
6/11/2023 13:37,Louie Varland,4.5
6/11/2023 14:10,Lucas Giolito,5.5
6/11/2023 13:40,Martin Perez,3.5
6/11/2023 13:35,Mitch Keller,5.5
6/11/2023 12:40,Shane Bieber,4.5
6/11/2023 13:40,Shane McClanahan,6.5
6/11/2023 13:35,Trevor Williams,3.5
6/11/2023 11:35,Zac Gallen,6.5
6/12/2023 21:40,Bryce Miller,4.5
6/12/2023 19:10,Connor Seabold,3.5
6/12/2023 20:05,Dane Dunning,4.5
6/12/2023 21:40,James Kaprielian,4.5
6/12/2023 19:10,James Paxton,7.5
6/12/2023 21:40,Jesus Luzardo,6.5
6/12/2023 19:45,Logan Webb,5.5
6/12/2023 20:10,Luke Weaver,4.5
6/12/2023 19:45,Matthew Liberatore,4.5
6/12/2023 21:40,Tommy Henry,4.5
6/12/2023 20:05,Tyler Anderson,4.5
6/12/2023 21:40,Zach Eflin,5.5
6/12/2023 20:10,Zack Greinke,3.5
6/13/2023 19:45,Alex Cobb,5.5
6/13/2023 20:10,Brandon Williamson,4.5
6/13/2023 19:10,Chase Anderson,3.5
6/13/2023 19:05,Chris Bassitt,4.5
6/13/2023 19:40,Corbin Burnes,6.5
6/13/2023 19:05,Dean Kremer,3.5
6/13/2023 21:40,Edward Cabrera,6.5
6/13/2023 21:40,George Kirby,5.5
6/13/2023 20:10,Hunter Brown,5.5
6/13/2023 19:45,Jack Flaherty,5.5
6/13/2023 21:40,Joe Musgrove,5.5
6/13/2023 20:10,Jordan Lyles,4.5
6/13/2023 19:10,Kutter Crawford,4.5
6/13/2023 22:10,Lance Lynn,5.5
6/13/2023 19:10,Luis Severino,5.5
6/13/2023 19:10,Max Scherzer,7.5
6/13/2023 19:40,Pablo Lopez,6.5
6/13/2023 20:10,Patrick Corbin,3.5
6/13/2023 18:40,Reese Olson,4.5
6/13/2023 18:40,Spencer Strider,9.5
6/13/2023 21:40,Tanner Bibee,4.5
6/13/2023 22:10,Tony Gonsolin,4.5
6/13/2023 21:40,Zach Davies,3.5
6/13/2023 21:40,Zack Wheeler,6.5
6/14/2023 21:40,Aaron Civale,4.5
6/14/2023 20:05,Andrew Heaney,5.5
6/14/2023 13:15,Anthony DeSclafani,3.5
6/14/2023 19:10,Austin Gomber,3.5
6/14/2023 13:10,Bailey Ober,5.5
6/14/2023 20:10,Ben Lively,4.5
6/14/2023 22:10,Clayton Kershaw,7.5
6/14/2023 13:10,Colin Rea,4.5
6/14/2023 20:10,Daniel Lynch,4.5
6/14/2023 21:40,Eury Perez,5.5
6/14/2023 20:10,Framber Valdez,6.5
6/14/2023 19:10,Garrett Whitlock,5.5
6/14/2023 19:10,Gerrit Cole,6.5
6/14/2023 13:15,Jordan Montgomery,5.5
6/14/2023 19:05,Jose Berrios,4.5
6/14/2023 20:10,Josiah Gray,3.5
6/14/2023 19:10,Justin Verlander,6.5
6/14/2023 19:05,Kyle Bradish,4.5
6/14/2023 21:40,Luis Castillo,6.5
6/14/2023 21:40,Luis Medina,4.5
6/14/2023 21:40,Merrill Kelly,5.5
6/14/2023 13:10,Michael Lorenzen,4.5
6/14/2023 21:40,Michael Wacha,4.5
6/14/2023 22:10,Mike Clevinger,4.5
6/14/2023 21:40,Ranger Suarez,3.5
6/14/2023 20:05,Reid Detmers,5.5
6/14/2023 13:10,Spencer Strider,8.5
6/14/2023 21:40,Tyler Glasnow,8.5
6/15/2023 19:20,AJ Smith-Shawver,4.5
6/15/2023 15:40,Aaron Nola,5.5
6/15/2023 20:10,Cristian Javier,5.5
6/15/2023 22:10,Dylan Cease,5.5
6/15/2023 19:20,Kyle Freeland,3.5
6/15/2023 20:40,Logan Allen,4.5
6/15/2023 20:10,MacKenzie Gore,5.5
6/15/2023 19:10,Matt Boyd,5.5
6/15/2023 22:10,Michael Grove,4.5
6/15/2023 20:05,Nathan Eovaldi,6.5
6/15/2023 15:37,Paul Blackburn,3.5
6/15/2023 15:40,Ryne Nelson,4.5
6/15/2023 20:05,Shohei Ohtani,7.5
6/15/2023 19:10,Sonny Gray,6.5
6/15/2023 15:37,Taj Bradley,5.5
6/15/2023 13:05,Tyler Wells,4.5
6/15/2023 13:05,Yusei Kikuchi,5.5
6/16/2023 20:10,Andrew Abbott,4.5
6/16/2023 20:10,Brady Singer,4.5
6/16/2023 22:10,Bryan Woo,5.5
6/16/2023 14:20,Cole Irvin,4.5
6/16/2023 19:20,Dinelson Lamet,4.5
6/16/2023 19:10,Domingo German,4.5
6/16/2023 20:10,J.P. France,5.5
6/16/2023 21:40,JP Sears,5.5
6/16/2023 19:20,Jared Shuster,4.5
6/16/2023 20:10,Julio Teheran,4.5
6/16/2023 20:05,Kevin Gausman,7.5
6/16/2023 14:20,Kyle Hendricks,4.5
6/16/2023 20:05,Martin Perez,3.5
6/16/2023 22:10,Michael Kopech,7.5
6/16/2023 19:10,Miles Mikolas,4.5
6/16/2023 20:10,Patrick Sandoval,4.5
6/16/2023 20:10,Rich Hill,5.5
6/16/2023 19:05,Sandy Alcantara,4.5
6/16/2023 21:40,Shane McClanahan,6.5
6/16/2023 21:40,Taijuan Walker,5.5
6/16/2023 19:10,Tanner Houck,5.5
6/16/2023 19:05,Trevor Williams,4.5
6/16/2023 21:40,Triston McKenzie,5.5
6/16/2023 19:10,Tylor Megill,4.5
6/16/2023 21:40,Yu Darvish,6.5
6/16/2023 21:40,Zac Gallen,4.5
6/17/2023 16:10,Adam Wainwright,3.5
6/17/2023 19:15,Blake Snell,5.5
6/17/2023 16:10,Brandon Bielak,4.5
6/17/2023 16:05,Braxton Garrett,4.5
6/17/2023 19:15,Brayan Bello,4.5
6/17/2023 16:10,Bryce Elder,5.5
6/17/2023 19:15,Clarke Schmidt,4.5
6/17/2023 16:10,Connor Seabold,3.5
6/17/2023 16:10,Hunter Greene,6.5
6/17/2023 16:05,Jake Irvin,3.5
6/17/2023 14:20,Justin Steele,4.5
6/17/2023 16:10,Kodai Senga,5.5
6/17/2023 14:20,Kyle Gibson,4.5
6/17/2023 16:10,Logan Gilbert,6.5
6/17/2023 16:10,Lucas Giolito,6.5
6/17/2023 16:10,Mitch Keller,6.5
6/17/2023 22:10,Shane Bieber,4.5
6/17/2023 22:10,Tommy Henry,3.5
6/17/2023 16:10,Wade Miley,3.5
6/17/2023 19:15,Zach Eflin,4.5
6/18/2023 16:10,Bryce Miller,5.5
6/18/2023 13:40,Carlos Carrasco,4.5
6/18/2023 13:35,Charlie Morton,7.5
6/18/2023 13:35,Chase Anderson,3.5
6/18/2023 14:35,Chris Bassitt,4.5
6/18/2023 13:05,Dean Kremer,4.5
6/18/2023 14:10,Freddy Peralta,6.5
6/18/2023 16:07,Hogan Harris,4.5
6/18/2023 13:05,Jameson Taillon,4.5
6/18/2023 13:35,Jesus Luzardo,5.5
6/18/2023 16:10,Joe Musgrove,5.5
6/18/2023 14:35,Jon Gray,5.5
6/18/2023 16:10,Lance Lynn,6.5
6/18/2023 16:10,Logan Webb,5.5
6/18/2023 14:10,Luis Ortiz,4.5
6/18/2023 14:10,Luke Weaver,4.5
6/18/2023 13:40,Matthew Liberatore,3.5
6/18/2023 13:35,Patrick Corbin,4.5
6/18/2023 14:10,Ronel Blanco,5.5
6/18/2023 16:10,Tanner Bibee,4.5
6/18/2023 14:10,Tyler Anderson,4.5
6/18/2023 16:10,Zach Davies,3.5
6/18/2023 14:10,Zack Greinke,3.5
6/18/2023 16:07,Zack Wheeler,7.5
6/19/2023 19:10,Austin Gomber,4.5
6/19/2023 19:10,Brandon Williamson,4.5
6/19/2023 20:10,Corbin Burnes,6.5
6/19/2023 19:05,Drew Smyly,4.5
6/19/2023 20:10,Hunter Brown,5.5
6/19/2023 16:05,Jack Flaherty,4.5
6/19/2023 19:40,James Paxton,6.5
6/19/2023 18:40,Jordan Lyles,4.5
6/19/2023 18:40,Jose Berrios,4.5
6/19/2023 16:05,Josiah Gray,4.5
6/19/2023 20:10,Max Scherzer,6.5
6/19/2023 20:10,Merrill Kelly,5.5
6/19/2023 21:45,Michael Wacha,4.5
6/19/2023 19:05,Osvaldo Bido,4.5
6/19/2023 19:40,Pablo Lopez,5.5
6/19/2023 18:40,Reese Olson,4.5
6/20/2023 19:10,Aaron Civale,5.5
6/20/2023 21:45,Anthony DeSclafani,3.5
6/20/2023 19:40,Bailey Ober,5.5
6/20/2023 19:10,Ben Lively,5.5
6/20/2023 22:07,Clayton Kershaw,6.5
6/20/2023 20:10,Colin Rea,4.5
6/20/2023 18:40,Daniel Lynch,4.5
6/20/2023 20:10,Dylan Cease,6.5
6/20/2023 18:40,Eury Perez,4.5
6/20/2023 20:10,Framber Valdez,5.5
6/20/2023 19:05,George Kirby,5.5
6/20/2023 19:05,Gerrit Cole,8.5
6/20/2023 19:05,Johan Oviedo,5.5
6/20/2023 19:05,Jordan Montgomery,4.5
6/20/2023 20:10,Justin Verlander,5.5
6/20/2023 19:40,Kutter Crawford,4.5
6/20/2023 18:40,Kyle Bradish,5.5
6/20/2023 19:10,Kyle Freeland,3.5
6/20/2023 19:10,Luis Medina,3.5
6/20/2023 19:05,MacKenzie Gore,5.5
6/20/2023 19:05,Marcus Stroman,4.5
6/20/2023 18:40,Michael Lorenzen,4.5
6/20/2023 20:10,Nathan Eovaldi,5.5
6/20/2023 18:40,Ranger Suarez,4.5
6/20/2023 22:07,Reid Detmers,5.5
6/20/2023 20:10,Ryne Nelson,4.5
6/20/2023 21:45,Seth Lugo,3.5
6/20/2023 18:40,Spencer Strider,8.5
6/20/2023 18:40,Tyler Glasnow,7.5
6/20/2023 18:40,Yusei Kikuchi,5.5
6/21/2023 18:40,AJ Smith-Shawver,4.5
6/21/2023 18:40,Aaron Nola,6.5
6/21/2023 12:35,Andrew Abbott,5.5
6/21/2023 13:10,Brady Singer,4.5
6/21/2023 14:10,Cristian Javier,5.5
6/21/2023 19:40,Garrett Whitlock,5.5
6/21/2023 19:05,Jhony Brito,4.5
6/21/2023 14:10,Julio Teheran,3.5
6/21/2023 12:10,Kevin Gausman,6.5
6/21/2023 12:35,Kyle Hendricks,3.5
6/21/2023 19:05,Luis Castillo,7.5
6/21/2023 20:10,Martin Perez,3.5
6/21/2023 13:10,Matt Boyd,5.5
6/21/2023 20:10,Michael Kopech,6.5
6/21/2023 16:05,Miles Mikolas,3.5
6/21/2023 12:35,Rich Hill,4.5
6/21/2023 12:10,Sandy Alcantara,5.5
6/21/2023 19:40,Sonny Gray,4.5
6/21/2023 12:10,Taj Bradley,5.5
6/21/2023 16:05,Trevor Williams,3.5
6/21/2023 12:10,Tyler Wells,5.5
6/21/2023 14:10,Tylor Megill,4.5
6/21/2023 14:10,Zac Gallen,6.5
6/22/2023 13:05,Aaron Nola,6.5
6/22/2023 15:45,Alex Wood,4.5
6/22/2023 15:45,Blake Snell,7.5
6/22/2023 18:40,Braxton Garrett,5.5
6/22/2023 19:05,Bryan Woo,5.5
6/22/2023 13:05,Bryce Elder,4.5
6/22/2023 19:05,Domingo German,5.5
6/22/2023 13:10,JP Sears,4.5
6/22/2023 13:05,Jake Irvin,3.5
6/22/2023 13:10,Logan Allen,5.5
6/22/2023 18:40,Mitch Keller,6.5
6/22/2023 18:40,Shane McClanahan,7.5
6/22/2023 13:05,Tommy Henry,3.5
6/23/2023 18:40,AJ Smith-Shawver,4.5
6/23/2023 20:10,Brayan Bello,5.5
6/23/2023 19:07,Chris Bassitt,5.5
6/23/2023 22:10,Emmet Sheehan,4.5
6/23/2023 22:10,J.P. France,4.5
6/23/2023 19:07,James Kaprielian,3.5
6/23/2023 18:40,Jesus Luzardo,6.5
6/23/2023 21:40,Joe Musgrove,5.5
6/23/2023 18:40,Joey Wentz,4.5
6/23/2023 19:05,Kodai Senga,6.5
6/23/2023 20:40,Kyle Freeland,3.5
6/23/2023 19:05,Kyle Gibson,4.5
6/23/2023 19:05,Logan Gilbert,4.5
6/23/2023 22:15,Logan Webb,5.5
6/23/2023 20:10,Lucas Giolito,5.5
6/23/2023 18:40,Luis Ortiz,4.5
6/23/2023 18:40,Luke Weaver,4.5
6/23/2023 21:40,Patrick Corbin,4.5
6/23/2023 20:40,Patrick Sandoval,4.5
6/23/2023 19:10,Shane Bieber,6.5
6/23/2023 19:05,Taijuan Walker,4.5
6/23/2023 22:15,Zach Davies,3.5
6/23/2023 18:40,Zach Eflin,5.5
6/23/2023 18:40,Zack Greinke,3.5
6/24/2023 13:10,Adam Wainwright,3.5
6/24/2023 19:15,Bobby Miller,5.5
6/24/2023 16:05,Bryce Miller,4.5
6/24/2023 21:10,Chase Anderson,3.5
6/24/2023 16:05,Cristopher Sanchez,3.5
6/24/2023 16:05,Dean Kremer,5.5
6/24/2023 16:10,Freddy Peralta,4.5
6/24/2023 16:10,Graham Ashcraft,3.5
6/24/2023 21:10,Griffin Canning,4.5
6/24/2023 16:10,James Paxton,7.5
6/24/2023 16:10,Jared Shuster,3.5
6/24/2023 16:05,Jon Gray,5.5
6/24/2023 16:10,Jordan Lyles,4.5
6/24/2023 16:07,Jose Berrios,5.5
6/24/2023 20:40,Josiah Gray,4.5
6/24/2023 13:10,Justin Steele,3.5
6/24/2023 16:10,Lance Lynn,6.5
6/24/2023 16:05,Luis Severino,5.5
6/24/2023 16:05,Max Scherzer,6.5
6/24/2023 16:10,Osvaldo Bido,4.5
6/24/2023 19:15,Pablo Lopez,6.5
6/24/2023 19:15,Reese Olson,5.5
6/24/2023 19:15,Ronel Blanco,4.5
6/24/2023 16:10,Tanner Bibee,5.5
6/24/2023 16:10,Yonny Chirinos,3.5
6/25/2023 13:40,Aaron Civale,5.5
6/25/2023 16:05,Anthony DeSclafani,3.5
6/25/2023 15:10,Austin Gomber,3.5
6/25/2023 12:10,Bailey Ober,5.5
6/25/2023 13:35,Carlos Carrasco,4.5
6/25/2023 13:40,Charlie Morton,6.5
6/25/2023 13:40,Corbin Burnes,5.5
6/25/2023 13:40,Daniel Lynch,3.5
6/25/2023 13:40,Eury Perez,5.5
6/25/2023 13:35,George Kirby,4.5
6/25/2023 13:35,Gerrit Cole,7.5
6/25/2023 19:10,Hunter Brown,5.5
6/25/2023 13:40,Johan Oviedo,4.5
6/25/2023 13:35,Kyle Bradish,5.5
6/25/2023 13:37,Luis Medina,3.5
6/25/2023 16:10,MacKenzie Gore,5.5
6/25/2023 10:10,Marcus Stroman,4.5
6/25/2023 10:10,Matthew Liberatore,3.5
6/25/2023 12:10,Michael Lorenzen,5.5
6/25/2023 13:35,Nathan Eovaldi,5.5
6/25/2023 16:05,Ryne Nelson,3.5
6/25/2023 16:10,Seth Lugo,4.5
6/25/2023 19:10,Tony Gonsolin,4.5
6/25/2023 15:10,Tyler Anderson,4.5
6/25/2023 13:40,Tyler Glasnow,7.5
6/25/2023 13:37,Yusei Kikuchi,5.5
6/25/2023 13:35,Zack Wheeler,6.5
6/26/2023 20:05,Andrew Heaney,6.5
6/26/2023 19:05,Brandon Williamson,3.5
6/26/2023 19:05,Cole Irvin,4.5
6/26/2023 19:10,Colin Rea,3.5
6/26/2023 21:38,Dylan Cease,6.5
6/26/2023 19:10,Justin Verlander,6.5
6/26/2023 21:40,Luis Castillo,6.5
6/26/2023 20:05,Matt Boyd,5.5
6/26/2023 21:38,Reid Detmers,5.5
6/26/2023 19:20,Sonny Gray,4.5
6/26/2023 19:20,Spencer Strider,9.5
6/26/2023 21:40,Trevor Williams,4.5
6/27/2023 19:05,Andrew Abbott,5.5
6/27/2023 20:10,Brady Singer,3.5
6/27/2023 21:40,Bryan Woo,4.5
6/27/2023 19:20,Bryce Elder,5.5
6/27/2023 20:40,Clayton Kershaw,6.5
6/27/2023 20:40,Connor Seabold,3.5
6/27/2023 19:10,David Peterson,5.5
6/27/2023 19:10,Garrett Whitlock,4.5
6/27/2023 20:10,Gavin Williams,4.5
6/27/2023 21:40,Jake Irvin,4.5
6/27/2023 21:40,Jhony Brito,4.5
6/27/2023 19:20,Joe Ryan,5.5
6/27/2023 19:10,Julio Teheran,3.5
6/27/2023 20:05,Martin Perez,3.5
6/27/2023 20:05,Matt Manning,3.5
6/27/2023 21:38,Michael Kopech,6.5
6/27/2023 21:40,Paul Blackburn,4.5
6/27/2023 19:05,Rich Hill,4.5
6/27/2023 19:10,Sandy Alcantara,5.5
6/27/2023 21:38,Shohei Ohtani,8.5
6/27/2023 21:40,Taj Bradley,5.5
6/27/2023 19:05,Tyler Wells,5.5
6/27/2023 19:05,Yu Darvish,5.5
6/27/2023 21:40,Zac Gallen,5.5
6/28/2023 20:05,Aaron Nola,5.5
6/28/2023 19:05,Blake Snell,7.5
6/28/2023 19:45,Cristian Javier,5.5
6/28/2023 20:05,Dane Dunning,4.5
6/28/2023 21:40,Domingo German,5.5
6/28/2023 20:05,Drew Smyly,4.5
6/28/2023 21:40,JP Sears,5.5
6/28/2023 21:38,Jaime Barria,3.5
6/28/2023 20:05,Joey Wentz,4.5
6/28/2023 12:20,Kenta Maeda,4.5
6/28/2023 12:20,Kolby Allard,3.5
6/28/2023 19:05,Kyle Gibson,4.5
6/28/2023 20:10,Logan Allen,4.5
6/28/2023 16:10,Logan Gilbert,5.5
6/28/2023 21:38,Lucas Giolito,6.5
6/28/2023 19:05,Luke Weaver,3.5
6/28/2023 19:45,Miles Mikolas,3.5
6/28/2023 19:05,Mitch Keller,5.5
6/28/2023 16:10,Patrick Corbin,4.5
6/28/2023 21:40,Zach Davies,3.5
6/28/2023 21:40,Zach Eflin,4.5
6/29/2023 19:10,Adrian Houser,3.5
6/29/2023 15:40,Brandon Pfaadt,3.5
6/29/2023 18:10,Brayan Bello,4.5
6/29/2023 20:40,Chase Anderson,3.5
6/29/2023 20:40,Emmet Sheehan,4.5
6/29/2023 19:15,J.P. France,4.5
6/29/2023 18:10,Jesus Luzardo,5.5
6/29/2023 12:35,Joe Musgrove,5.5
6/29/2023 20:05,Kyle Hendricks,3.5
6/29/2023 16:07,Lance Lynn,6.5
6/29/2023 12:35,Luis Ortiz,3.5
6/29/2023 19:10,Max Scherzer,7.5
6/29/2023 16:07,Patrick Sandoval,5.5
6/29/2023 14:10,Shane Bieber,5.5
6/29/2023 20:05,Taijuan Walker,4.5
6/30/2023 20:10,Alec Marsh,3.5
6/30/2023 19:10,Alex Cobb,4.5
6/30/2023 20:10,Austin Gomber,3.5
6/30/2023 20:10,Bobby Miller,5.5
6/30/2023 22:10,Bryce Miller,5.5
6/30/2023 14:20,Cal Quantrill,3.5
6/30/2023 19:10,Carlos Carrasco,4.5
6/30/2023 18:05,Cristopher Sanchez,4.5
6/30/2023 19:05,Dean Kremer,5.5
6/30/2023 19:05,Freddy Peralta,5.5
6/30/2023 17:10,Graham Ashcraft,3.5
6/30/2023 21:38,Griffin Canning,5.5
6/30/2023 19:07,James Paxton,5.5
6/30/2023 20:05,Jon Gray,5.5
6/30/2023 19:07,Jose Berrios,5.5
6/30/2023 18:05,Josiah Gray,4.5
6/30/2023 14:20,Justin Steele,4.5
6/30/2023 20:15,Luis Severino,5.5
6/30/2023 20:15,Matthew Liberatore,3.5
6/30/2023 20:10,Michael Lorenzen,4.5
6/30/2023 19:05,Osvaldo Bido,4.5
6/30/2023 19:05,Pablo Lopez,5.5
6/30/2023 20:05,Ronel Blanco,5.5
6/30/2023 17:10,Seth Lugo,4.5
6/30/2023 22:10,Shane McClanahan,6.5
6/30/2023 21:38,Tommy Henry,4.5
7/1/2023 16:10,Anthony DeSclafani,3.5
7/1/2023 16:05,Bailey Ober,4.5
7/1/2023 13:40,Brandon Williamson,3.5
7/1/2023 16:10,Charlie Morton,6.5
7/1/2023 16:05,Corbin Burnes,6.5
7/1/2023 19:15,Daniel Lynch,3.5
7/1/2023 16:10,Eury Perez,5.5
7/1/2023 19:15,George Kirby,5.5
7/1/2023 16:05,Hunter Brown,6.5
7/1/2023 14:15,Jack Flaherty,5.5
7/1/2023 16:05,Johan Oviedo,5.5
7/1/2023 19:15,Julio Urias,4.5
7/1/2023 16:10,Justin Verlander,6.5
7/1/2023 15:07,Kutter Crawford,3.5
7/1/2023 16:05,Kyle Bradish,6.5
7/1/2023 14:15,Luis Severino,5.5
7/1/2023 16:05,MacKenzie Gore,6.5
7/1/2023 19:15,Marcus Stroman,3.5
7/1/2023 13:40,Michael Wacha,4.5
7/1/2023 16:05,Nathan Eovaldi,5.5
7/1/2023 22:07,Ryne Nelson,4.5
7/1/2023 19:15,Tanner Bibee,4.5
7/1/2023 22:07,Tyler Anderson,4.5
7/1/2023 19:15,Tyler Glasnow,7.5
7/1/2023 15:07,Yusei Kikuchi,5.5
7/1/2023 16:05,Zack Wheeler,6.5
7/2/2023 14:20,Aaron Civale,4.5
7/2/2023 14:10,Brady Singer,4.5
7/2/2023 12:05,Cole Irvin,4.5
7/2/2023 13:35,Colin Rea,4.5
7/2/2023 15:10,Connor Seabold,3.5
7/2/2023 13:37,Garrett Whitlock,4.5
7/2/2023 14:15,Gerrit Cole,6.5
7/2/2023 14:20,Jameson Taillon,3.5
7/2/2023 14:15,Jordan Montgomery,4.5
7/2/2023 13:37,Kevin Gausman,7.5
7/2/2023 16:10,Luis Castillo,7.5
7/2/2023 15:10,Matt Manning,3.5
7/2/2023 13:35,Ranger Suarez,5.5
7/2/2023 16:07,Reid Detmers,6.5
7/2/2023 13:35,Rich Hill,5.5
7/2/2023 13:35,Sandy Alcantara,4.5
7/2/2023 12:05,Sonny Gray,4.5
7/2/2023 13:35,Spencer Strider,8.5
7/2/2023 16:10,Taj Bradley,6.5
7/2/2023 14:10,Tony Gonsolin,4.5
7/2/2023 13:35,Trevor Williams,3.5
7/2/2023 16:07,Zac Gallen,6.5
7/3/2023 20:10,Austin Cox,3.5
7/3/2023 18:40,Braxton Garrett,5.5
7/3/2023 21:45,Bryan Woo,5.5
7/3/2023 19:10,Bryce Elder,3.5
7/3/2023 14:05,Cristian Javier,4.5
7/3/2023 19:05,Domingo German,5.5
7/3/2023 14:10,Drew Smyly,4.5
7/3/2023 19:10,Gavin Williams,4.5
7/3/2023 18:05,Jake Irvin,4.5
7/3/2023 20:10,Joe Ryan,6.5
7/3/2023 14:10,Julio Teheran,4.5
7/3/2023 21:45,Logan Webb,5.5
7/3/2023 18:05,Luke Weaver,3.5
7/3/2023 14:05,Martin Perez,3.5
7/3/2023 18:40,Miles Mikolas,4.5
7/3/2023 19:05,Tyler Wells,5.5
7/4/2023 16:10,Aaron Nola,6.5
7/4/2023 16:10,Brandon Bielak,4.5
7/4/2023 20:10,Chris Bassitt,4.5
7/4/2023 13:05,Clarke Schmidt,4.5
7/4/2023 21:10,Emmet Sheehan,5.5
7/4/2023 18:40,JP Sears,5.5
7/4/2023 13:10,Jesus Luzardo,6.5
7/4/2023 18:40,Joe Musgrove,5.5
7/4/2023 16:35,Keaton Winn,3.5
7/4/2023 14:10,Kenta Maeda,5.5
7/4/2023 16:10,Kodai Senga,5.5
7/4/2023 19:10,Kolby Allard,3.5
7/4/2023 16:10,Kyle Freeland,3.5
7/4/2023 13:05,Kyle Gibson,4.5
7/4/2023 16:10,Kyle Hendricks,3.5
7/4/2023 16:35,Logan Gilbert,5.5
7/4/2023 20:10,Lucas Giolito,5.5
7/4/2023 21:10,Luis Ortiz,3.5
7/4/2023 11:05,Patrick Corbin,4.5
7/4/2023 19:10,Shane Bieber,5.5
7/4/2023 18:40,Shohei Ohtani,7.5
7/4/2023 18:40,Tarik Skubal,5.5
7/4/2023 16:10,Wade Miley,3.5
7/4/2023 16:10,Zach Davies,3.5
7/4/2023 16:10,Zach Eflin,5.5
7/4/2023 14:10,Zack Greinke,3.5
